Species,Complete_BUSCOs,Single_BUSCOs,Duplicated_BUSCOs,Fragmented_BUSCOs,Missing_BUSCOs,Assembler,Opsins_found,
Acanthogammarus_godlewskii,60.9,54.5,6.4,20.7,18.4,rnaSPAdes,2,Acanthogammarus_godlewskii_rnaspades/Acanthogammarus_godlewskii_rnaspades_opsins_class.fasta
Asprogammarus_rhodophthalmus,78.3,56.3,22,13.1,8.6,rnaSPAdes,1,Asprogammarus_rhodophthalmus_rnaspades/Asprogammarus_rhodophthalmus_rnaspades_opsins_class.fasta
Baikalogammarus_pullus,68.4,39.1,29.3,15.4,16.2,rnaSPAdes,0,Baikalogammarus_pullus_rnaspades/Baikalogammarus_pullus_rnaspades_opsins_class.fasta
Boeckaxelia_carpenterii,70.8,60.2,10.6,15.1,14.1,rnaSPAdes,1,Boeckaxelia_carpenterii_rnaspades/Boeckaxelia_carpenterii_rnaspades_opsins_class.fasta
Boeckaxelia_potanini,58.4,54.4,4,17.9,23.7,rnaSPAdes,2,Boeckaxelia_potanini_rnaspades/Boeckaxelia_potanini_rnaspades_opsins_class.fasta
Brachyuropus_grewingkii,75.4,63.5,11.9,14.4,10.2,rnaSPAdes,0,Brachyuropus_grewingkii_rnaspades/Brachyuropus_grewingkii_rnaspades_opsins_class.fasta
Brandtia_latissima,54.1,50.7,3.4,23.4,22.5,rnaSPAdes,2,Brandtia_latissima_rnaspades/Brandtia_latissima_rnaspades_opsins_class.fasta
Caprella_sp,78.7,64.1,14.6,15.8,5.5,rnaSPAdes,0,Caprella_sp_rnaspades/Caprella_sp_rnaspades_opsins_class.fasta
Carinurus_bicarinatus,63.7,54.2,9.5,16.4,19.9,rnaSPAdes,1,Carinurus_bicarinatus_rnaspades/Carinurus_bicarinatus_rnaspades_opsins_class.fasta
Cornugammarus_maximus,61.3,55.6,5.7,20.7,18,rnaSPAdes,0,Cornugammarus_maximus_rnaspades/Cornugammarus_maximus_rnaspades_opsins_class.fasta
Crypturopus_inflatus,43.7,39.8,3.9,24,32.3,rnaSPAdes,0,Crypturopus_inflatus_rnaspades/Crypturopus_inflatus_rnaspades_opsins_class.fasta
Dorogostaiskia_parasitica,57.1,51.9,5.2,17.1,25.8,rnaSPAdes,2,Dorogostaiskia_parasitica_rnaspades/Dorogostaiskia_parasitica_rnaspades_opsins_class.fasta
Echinogammarus_berilloni,91.7,75.7,16,5.5,2.8,rnaSPAdes,3,Echinogammarus_berilloni_rnaspades/Echinogammarus_berilloni_rnaspades_opsins_class.fasta
Echiuropus_macronychus,65.5,44.2,21.3,15.2,19.3,rnaSPAdes,2,Echiuropus_macronychus_rnaspades/Echiuropus_macronychus_rnaspades_opsins_class.fasta
Eogammarus_possjeticus,87.1,53.5,33.6,8.6,4.3,rnaSPAdes,0,Eogammarus_possjeticus_rnaspades/Eogammarus_possjeticus_rnaspades_opsins_class.fasta
Eucarinogammarus_wagii,69,41.3,27.7,17.5,13.5,rnaSPAdes,0,Eucarinogammarus_wagii_rnaspades/Eucarinogammarus_wagii_rnaspades_opsins_class.fasta
Eulimnogammarus_cruentus,78,68.7,9.3,15.1,6.9,rnaSPAdes,1,Eulimnogammarus_cruentus_rnaspades/Eulimnogammarus_cruentus_rnaspades_opsins_class.fasta
Eulimnogammarus_cyaneus,75.2,59.4,15.8,12.8,12,rnaSPAdes,2,Eulimnogammarus_cyaneus_rnaspades/Eulimnogammarus_cyaneus_rnaspades_opsins_class.fasta
Eulimnogammarus_czerskii,78.2,67.5,10.7,12.5,9.3,rnaSPAdes,2,Eulimnogammarus_czerskii_rnaspades/Eulimnogammarus_czerskii_rnaspades_opsins_class.fasta
Eulimnogammarus_marituji,72.3,61.6,10.7,13.7,14,rnaSPAdes,2,Eulimnogammarus_marituji_rnaspades/Eulimnogammarus_marituji_rnaspades_opsins_class.fasta
Eulimnogammarus_messerschmidtii,67.5,52.5,15,12.8,19.7,rnaSPAdes,2,Eulimnogammarus_messerschmidtii_rnaspades/Eulimnogammarus_messerschmidtii_rnaspades_opsins_class.fasta
Eulimnogammarus_similis,82.2,70.1,12.1,11,6.8,rnaSPAdes,0,Eulimnogammarus_similis_rnaspades/Eulimnogammarus_similis_rnaspades_opsins_class.fasta
Eulimnogammarus_sp._gam16.4,41.7,38,3.7,20.2,38.1,rnaSPAdes,2,Eulimnogammarus_sp._gam16.4_rnaspades/Eulimnogammarus_sp._gam16.4_rnaspades_opsins_class.fasta
Eulimnogammarus_testaceus,79.8,68,11.8,12.7,7.5,rnaSPAdes,1,Eulimnogammarus_testaceus_rnaspades/Eulimnogammarus_testaceus_rnaspades_opsins_class.fasta
Eulimnogammarus_ussolzewii,73.3,63.9,9.4,14.2,12.5,rnaSPAdes,1,Eulimnogammarus_ussolzewii_rnaspades/Eulimnogammarus_ussolzewii_rnaspades_opsins_class.fasta
Eulimnogammarus_verrucosus,85.4,67.4,18,9.6,5,rnaSPAdes,2,Eulimnogammarus_verrucosus/Eulimnogammarus_verrucosus_opsins_class.fasta
Eulimnogammarus_violaceus,70.7,61.8,8.9,17.4,11.9,rnaSPAdes,0,Eulimnogammarus_violaceus_rnaspades/Eulimnogammarus_violaceus_rnaspades_opsins_class.fasta
Eulimnogammarus_viridulus,80,66.6,13.4,13.4,6.6,rnaSPAdes,2,Eulimnogammarus_viridulus_rnaspades/Eulimnogammarus_viridulus_rnaspades_opsins_class.fasta
Eulimnogammarus_vittatus,70,57.8,12.2,14.1,15.9,rnaSPAdes,2,Eulimnogammarus_vittatus_rnaspades/Eulimnogammarus_vittatus_rnaspades_opsins_class.fasta
Gammarus_chevreuxi,79.7,63.4,16.3,14,6.3,rnaSPAdes,3,Gammarus_chevreuxi_rnaspades/Gammarus_chevreuxi_rnaspades_opsins_class.fasta
Gammarus_fossarum,95.4,50.2,45.2,3,1.6,rnaSPAdes,3,Gammarus_fossarum_rnaspades/Gammarus_fossarum_rnaspades_opsins_class.fasta
Gammarus_lacustris,56.1,51.2,4.9,18.4,25.5,rnaSPAdes,2,Gammarus_lacustris_rnaspades/Gammarus_lacustris_rnaspades_opsins_class.fasta
Gammarus_minus,95.8,82,13.8,1.9,2.3,rnaSPAdes,2,Gammarus_minus_rnaspades/Gammarus_minus_rnaspades_opsins_class.fasta
Gammarus_pisinnus,71.2,65.9,5.3,21.3,7.5,rnaSPAdes,1,Gammarus_pisinnus_rnaspades/Gammarus_pisinnus_rnaspades_opsins_class.fasta
Gammarus_pulex,92.5,66.9,25.6,5.5,2,rnaSPAdes,3,Gammarus_pulex_rnaspades/Gammarus_pulex_rnaspades_opsins_class.fasta
Gammarus_wautieri,92.3,65.9,26.4,5,2.7,rnaSPAdes,3,Gammarus_wautieri_rnaspades/Gammarus_wautieri_rnaspades_opsins_class.fasta
Garjajewia_dershawini,64,58.3,5.7,16.4,19.6,rnaSPAdes,0,Garjajewia_dershawini_rnaspades/Garjajewia_dershawini_rnaspades_opsins_class.fasta
Gmelinoides_fasciatus,79.8,53.9,25.9,12.2,8,rnaSPAdes,4,Gmelinoides_fasciatus_rnaspades/Gmelinoides_fasciatus_rnaspades_opsins_class.fasta
Heterogammarus_sophianosii,84.8,71.1,13.7,8.9,6.3,rnaSPAdes,2,Heterogammarus_sophianosii_rnaspades/Heterogammarus_sophianosii_rnaspades_opsins_class.fasta
Hirondellea_gigas,64.7,54.1,10.6,17.8,17.5,rnaSPAdes,1,Hirondellea_gigas_rnaspades/Hirondellea_gigas_rnaspades_opsins_class.fasta
Homalogammarus_brandtii,55.8,50.8,5,16.4,27.8,rnaSPAdes,2,Homalogammarus_brandtii_rnaspades/Homalogammarus_brandtii_rnaspades_opsins_class.fasta
Hyalella_azteca,86.9,55.4,31.5,10.1,3,rnaSPAdes,4,Hyalella_azteca_rnaspades/Hyalella_azteca_rnaspades_opsins_class.fasta
Hyalellopsis_carinata,75,62.1,12.9,14.8,10.2,rnaSPAdes,1,Hyalellopsis_carinata_rnaspades/Hyalellopsis_carinata_rnaspades_opsins_class.fasta
Hyalellopsis_costata,69.4,55.8,13.6,17.3,13.3,rnaSPAdes,2,Hyalellopsis_costata_rnaspades/Hyalellopsis_costata_rnaspades_opsins_class.fasta
Hyalellopsis_grisea,75.8,66.4,9.4,13.3,10.9,rnaSPAdes,0,Hyalellopsis_grisea_rnaspades/Hyalellopsis_grisea_rnaspades_opsins_class.fasta
Hyalellopsis_setosa,67.8,61.6,6.2,17.9,14.3,rnaSPAdes,2,Hyalellopsis_setosa_rnaspades/Hyalellopsis_setosa_rnaspades_opsins_class.fasta
Hyalellopsis_stebbingi,73.7,60.9,12.8,13.2,13.1,rnaSPAdes,2,Hyalellopsis_stebbingi_rnaspades/Hyalellopsis_stebbingi_rnaspades_opsins_class.fasta
Linevichella_vortex,85.4,40.3,45.1,9,5.6,rnaSPAdes,4,Linevichella_vortex_rnaspades/Linevichella_vortex_rnaspades_opsins_class.fasta
Macrohectopus_branickii,56.3,42.3,14,19.6,24.1,rnaSPAdes,0,Macrohectopus_branickii_rnaspades/Macrohectopus_branickii_rnaspades_opsins_class.fasta
Macropereiopus_parvus,87.1,71.4,15.7,9.1,3.8,rnaSPAdes,1,Macropereiopus_parvus_rnaspades/Macropereiopus_parvus_rnaspades_opsins_class.fasta
Macropereiopus_wagneri,40.3,35.6,4.7,17.9,41.8,rnaSPAdes,0,Macropereiopus_wagneri_rnaspades/Macropereiopus_wagneri_rnaspades_opsins_class.fasta
Marinogammarus_marinus,90.1,75.9,14.2,6.6,3.3,rnaSPAdes,3,Marinogammarus_marinus_rnaspades/Marinogammarus_marinus_rnaspades_opsins_class.fasta
Micruropus_glaber,77.3,64.4,12.9,12.9,9.8,rnaSPAdes,2,Micruropus_glaber_rnaspades/Micruropus_glaber_rnaspades_opsins_class.fasta
Micruropus_parvulus,70.1,55.7,14.4,18.9,11,rnaSPAdes,1,Micruropus_parvulus_rnaspades/Micruropus_parvulus_rnaspades_opsins_class.fasta
Micruropus_wahlii,93.4,40.8,52.6,4.5,2.1,rnaSPAdes,3,Micruropus_wahlii/Micruropus_wahlii_opsins_class.fasta
Odontogammarus_calcaratus,77.5,66.2,11.3,14.4,8.1,rnaSPAdes,2,Odontogammarus_calcaratus_rnaspades/Odontogammarus_calcaratus_rnaspades_opsins_class.fasta
Ommatogammarus_albinus,89,71.6,17.4,7.4,3.6,rnaSPAdes,0,Ommatogammarus_albinus_rnaspades/Ommatogammarus_albinus_rnaspades_opsins_class.fasta
Ommatogammarus_flavus,84.6,70.3,14.3,9,6.4,rnaSPAdes,1,Ommatogammarus_flavus_rnaspades/Ommatogammarus_flavus_rnaspades_opsins_class.fasta
Oxyacanthus_curtus,65,59.7,5.3,21,14,rnaSPAdes,2,Oxyacanthus_curtus_rnaspades/Oxyacanthus_curtus_rnaspades_opsins_class.fasta
Oxyacanthus_flavus,85.3,73.7,11.6,8,6.7,rnaSPAdes,0,Oxyacanthus_flavus_rnaspades/Oxyacanthus_flavus_rnaspades_opsins_class.fasta
Oxyacanthus_sowinskii,71.7,63.9,7.8,17.7,10.6,rnaSPAdes,2,Oxyacanthus_sowinskii_rnaspades/Oxyacanthus_sowinskii_rnaspades_opsins_class.fasta
Pachyschesis_branchialis,89.1,77.5,11.6,7.2,3.7,rnaSPAdes,0,Pachyschesis_branchialis_2_rnaspades/Pachyschesis_branchialis_2_rnaspades_opsins_class.fasta
Palicarinus_puzyllii,84.5,71.5,13,9.7,5.8,rnaSPAdes,2,Palicarinus_puzyllii_rnaspades/Palicarinus_puzyllii_rnaspades_opsins_class.fasta
Pallasea_cancelloides,46.4,40.8,5.6,22.2,31.4,rnaSPAdes,2,Pallasea_cancelloides_2_rnaspades/Pallasea_cancelloides_2_rnaspades_opsins_class.fasta
Pallasea_cancellus,77.7,61.2,16.5,11.4,10.9,rnaSPAdes,2,Pallasea_cancellus_rnaspades/Pallasea_cancellus_rnaspades_opsins_class.fasta
Pallasea_grubei,74.2,60.7,13.5,15.9,9.9,rnaSPAdes,2,Pallasea_grubei_rnaspades/Pallasea_grubei_rnaspades_opsins_class.fasta
Pallasea_sp._gam7.3,77,63.1,13.9,11.4,11.6,rnaSPAdes,2,Pallasea_sp._gam7.3_rnaspades/Pallasea_sp._gam7.3_rnaspades_opsins_class.fasta
Pallaseopsis_kessleri,59.7,52.9,6.8,21.6,18.7,rnaSPAdes,0,Pallaseopsis_kessleri_rnaspades/Pallaseopsis_kessleri_rnaspades_opsins_class.fasta
Pandorites_podoceroides,62.7,52,10.7,19.9,17.4,rnaSPAdes,0,Pandorites_podoceroides_rnaspades/Pandorites_podoceroides_rnaspades_opsins_class.fasta
Parapallasea_borowskii,71.9,59.6,12.3,15.3,12.8,rnaSPAdes,1,Parapallasea_borowskii_rnaspades/Parapallasea_borowskii_rnaspades_opsins_class.fasta
Parapallasea_wosnessenskii,81.7,70.2,11.5,10.3,8,rnaSPAdes,1,Parapallasea_wosnessenskii_rnaspades/Parapallasea_wosnessenskii_rnaspades_opsins_class.fasta
Parhyale_hawaiensis,68.1,50.7,17.4,17.6,14.3,rnaSPAdes,2,Parhyale_hawaiensis_rnaspades/Parhyale_hawaiensis_rnaspades_opsins_class.fasta
Pentagonurus_dawydowi,77.6,59.6,18,11.8,10.6,rnaSPAdes,0,Pentagonurus_dawydowi_rnaspades/Pentagonurus_dawydowi_rnaspades_opsins_class.fasta
Poekilogammarus_pictoides,78.6,62.5,16.1,13.2,8.2,rnaSPAdes,2,Poekilogammarus_pictoides_rnaspades/Poekilogammarus_pictoides_rnaspades_opsins_class.fasta
Sluginella_kietlinskii,32,30.4,1.6,13.2,54.8,rnaSPAdes,0,Sluginella_kietlinskii_rnaspades/Sluginella_kietlinskii_rnaspades_opsins_class.fasta
Talitrus_saltator,74.8,67.1,7.7,15.5,9.7,rnaSPAdes,3,Talitrus_saltator_rnaspades/Talitrus_saltator_rnaspades_opsins_class.fasta
Acanthogammarus_godlewskii,49.9,40.9,9,20.5,29.6,Trinity,0,Acanthogammarus_godlewskii_GEPE01_underscore/Acanthogammarus_godlewskii_GEPE01_underscore_opsins_class.fasta
Asprogammarus_rhodophthalmus,62.4,42.9,19.5,17.2,20.4,Trinity,1,Asprogammarus_rhodophthalmus_GEPK01_underscore/Asprogammarus_rhodophthalmus_GEPK01_underscore_opsins_class.fasta
Baikalogammarus_pullus,56.7,42.8,13.9,16.2,27.1,Trinity,0,Baikalogammarus_pullus_GEPI01_underscore/Baikalogammarus_pullus_GEPI01_underscore_opsins_class.fasta
Boeckaxelia_carpenterii,59.7,44.9,14.8,16.5,23.8,Trinity,1,Boeckaxelia_carpenterii_GEPG01_underscore/Boeckaxelia_carpenterii_GEPG01_underscore_opsins_class.fasta
Boeckaxelia_potanini,47.2,41,6.2,17.4,35.4,Trinity,1,Boeckaxelia_potanini_GEPH01_underscore/Boeckaxelia_potanini_GEPH01_underscore_opsins_class.fasta
Brachyuropus_grewingkii,61.1,47.4,13.7,16.3,22.6,Trinity,0,Brachyuropus_grewingkii_GEPD01_underscore/Brachyuropus_grewingkii_GEPD01_underscore_opsins_class.fasta
Brandtia_latissima,56.2,48.9,7.3,18.8,25,Trinity,1,Brandtia_latissima_GEPJ01_underscore/Brandtia_latissima_GEPJ01_underscore_opsins_class.fasta
Caprella_sp,79.8,46.2,33.6,15.8,4.4,Trinity,1,Caprella_sp_underscore/Caprella_sp_underscore_opsins_class.fasta
Carinurus_bicarinatus,52.1,40.8,11.3,16.5,31.4,Trinity,1,Carinurus_bicarinatus_GEPL01_underscore/Carinurus_bicarinatus_GEPL01_underscore_opsins_class.fasta
Cornugammarus_maximus,53.5,44.7,8.8,19.9,26.6,Trinity,0,Cornugammarus_maximus_GEPF01_underscore/Cornugammarus_maximus_GEPF01_underscore_opsins_class.fasta
Crypturopus_inflatus,34.6,29.5,5.1,24.1,41.3,Trinity,0,Crypturopus_inflatus_GEPM01_underscore/Crypturopus_inflatus_GEPM01_underscore_opsins_class.fasta
Dorogostaiskia_parasitica,44.4,35.7,8.7,18.7,36.9,Trinity,1,Dorogostaiskia_parasitica_GERM01_underscore/Dorogostaiskia_parasitica_GERM01_underscore_opsins_class.fasta
Echinogammarus_berilloni,95.4,43.1,52.3,2.9,1.7,Trinity,3,Echinogammarus_berilloni_GHCT01_underscore/Echinogammarus_berilloni_GHCT01_underscore_opsins_class.fasta
Echiuropus_macronychus,55,41.7,13.3,14.3,30.7,Trinity,2,Echiuropus_macronychus_GEPN01_underscore/Echiuropus_macronychus_GEPN01_underscore_opsins_class.fasta
Eogammarus_possjeticus,92.9,45.2,47.7,5,2.1,Trinity,1,Eogammarus_possjeticus_GGQT01_underscore/Eogammarus_possjeticus_GGQT01_underscore_opsins_class.fasta
Eucarinogammarus_wagii,53.1,37.4,15.7,24,22.9,Trinity,0,Eucarinogammarus_wagii_GEPO01_underscore/Eucarinogammarus_wagii_GEPO01_underscore_opsins_class.fasta
Eulimnogammarus_cruentus,64.2,52.1,12.1,17.4,18.4,Trinity,0,Eulimnogammarus_cruentus_GEPW01_underscore/Eulimnogammarus_cruentus_GEPW01_underscore_opsins_class.fasta
Eulimnogammarus_cyaneus,89.5,77.8,11.7,5.9,4.6,Trinity,1,Eulimnogammarus_cyaneus_GEPS01_underscore/Eulimnogammarus_cyaneus_GEPS01_underscore_opsins_class.fasta
Eulimnogammarus_czerskii,65.3,49.6,15.7,15.2,19.5,Trinity,1,Eulimnogammarus_czerskii_GEPY01_underscore/Eulimnogammarus_czerskii_GEPY01_underscore_opsins_class.fasta
Eulimnogammarus_marituji,63.6,47.9,15.7,15.3,21.1,Trinity,2,Eulimnogammarus_marituji_GEPT01_underscore/Eulimnogammarus_marituji_GEPT01_underscore_opsins_class.fasta
Eulimnogammarus_messerschmidtii,57,41.1,15.9,14.1,28.9,Trinity,2,Eulimnogammarus_messerschmidtii_GEPZ01_underscore/Eulimnogammarus_messerschmidtii_GEPZ01_underscore_opsins_class.fasta
Eulimnogammarus_similis,66.1,50.2,15.9,15.4,18.5,Trinity,0,Eulimnogammarus_similis_GEPQ01_underscore/Eulimnogammarus_similis_GEPQ01_underscore_opsins_class.fasta
Eulimnogammarus_sp._gam16.4,32.8,28.7,4.1,17.2,50,Trinity,2,Eulimnogammarus_sp._gam16.4_GEQB01_underscore/Eulimnogammarus_sp._gam16.4_GEQB01_underscore_opsins_class.fasta
Eulimnogammarus_testaceus,67.3,48.7,18.6,13.7,19,Trinity,1,Eulimnogammarus_testaceus_GERC01_underscore/Eulimnogammarus_testaceus_GERC01_underscore_opsins_class.fasta
Eulimnogammarus_ussolzewii,58.6,45.3,13.3,17,24.4,Trinity,1,Eulimnogammarus_ussolzewii_GESQ01_underscore/Eulimnogammarus_ussolzewii_GESQ01_underscore_opsins_class.fasta
Eulimnogammarus_verrucosus,71,50.7,20.3,12.9,16.1,Trinity,2,Eulimnogammarus_verrucosus_GEQC01_underscore/Eulimnogammarus_verrucosus_GEQC01_underscore_opsins_class.fasta
Eulimnogammarus_violaceus,57.5,43.3,14.2,18.9,23.6,Trinity,0,Eulimnogammarus_violaceus_GESR01_underscore/Eulimnogammarus_violaceus_GESR01_underscore_opsins_class.fasta
Eulimnogammarus_viridulus,66.7,50.6,16.1,15.7,17.6,Trinity,2,Eulimnogammarus_viridulus_GEPU01_underscore/Eulimnogammarus_viridulus_GEPU01_underscore_opsins_class.fasta
Eulimnogammarus_vittatus,57,45,12,15.8,27.2,Trinity,1,Eulimnogammarus_vittatus_GEPV01_underscore/Eulimnogammarus_vittatus_GEPV01_underscore_opsins_class.fasta
Gammarus_chevreuxi,87.1,59.9,27.2,2.8,10.1,Trinity,3,Gammarus_chevreuxi_GFCV01_underscore/Gammarus_chevreuxi_GFCV01_underscore_opsins_class.fasta
Gammarus_fossarum,93.3,43.2,50.1,4.9,1.8,Trinity,3,Gammarus_fossarum_GHCX01_underscore/Gammarus_fossarum_GHCX01_underscore_opsins_class.fasta
Gammarus_lacustris,90,66.3,23.7,6.4,3.6,Trinity,2,Gammarus_lacustris_GERD01_underscore/Gammarus_lacustris_GERD01_underscore_opsins_class.fasta
Gammarus_minus,96.2,50.9,45.3,1.5,2.3,Trinity,4,Gammarus_pulex_GHCO01_underscore/Gammarus_pulex_GHCO01_underscore_opsins_class.fasta
Gammarus_pisinnus,76.9,39.2,37.7,15.9,7.2,Trinity,3,Gammarus_wautieri_GHCN01_underscore/Gammarus_wautieri_GHCN01_underscore_opsins_class.fasta
Gammarus_pulex,92.7,42,50.7,4.7,2.6,Trinity,0,Garjajewia_dershawini_GEQD01_underscore/Garjajewia_dershawini_GEQD01_underscore_opsins_class.fasta
Gammarus_wautieri,91.4,47.8,43.6,5.4,3.2,Trinity,1,Gmelinoides_fasciatus_GEQE01_underscore/Gmelinoides_fasciatus_GEQE01_underscore_opsins_class.fasta
Garjajewia_dershawini,51.9,44.8,7.1,18.1,30,Trinity,0,Grandidierella_japonica_IACS01_underscore/Grandidierella_japonica_IACS01_underscore_opsins_class.fasta
Gmelinoides_fasciatus,67,48.6,18.4,15,18,Trinity,2,Heterogammarus_sophianosii_GEPR01_underscore/Heterogammarus_sophianosii_GEPR01_underscore_opsins_class.fasta
Heterogammarus_sophianosii,73.4,57.1,16.3,11.1,15.5,Trinity,0,Hirondellea_gigas_GEZX01_underscore/Hirondellea_gigas_GEZX01_underscore_opsins_class.fasta
Hirondellea_gigas,91.2,89.3,1.9,4,4.8,Trinity,1,Hirondellea_gigas_IACF01_underscore/Hirondellea_gigas_IACF01_underscore_opsins_class.fasta
Homalogammarus_brandtii,46.6,39.3,7.3,15.3,38.1,Trinity,2,Homalogammarus_brandtii_GERE01_underscore/Homalogammarus_brandtii_GERE01_underscore_opsins_class.fasta
Hyalella_azteca,36.9,30.5,6.4,30.8,32.3,Trinity,0,Hyalella_azteca_GAJP01_underscore/Hyalella_azteca_GAJP01_underscore_opsins_class.fasta
Hyalellopsis_carinata,65,50.4,14.6,16.4,18.6,Trinity,2,Hyalellopsis_carinata_GEQF01_underscore/Hyalellopsis_carinata_GEQF01_underscore_opsins_class.fasta
Hyalellopsis_costata,59.2,42.3,16.9,20.7,20.1,Trinity,1,Hyalellopsis_costata_GEQG01_underscore/Hyalellopsis_costata_GEQG01_underscore_opsins_class.fasta
Hyalellopsis_grisea,64.4,49.2,15.2,16.3,19.3,Trinity,0,Hyalellopsis_grisea_GEQH01_underscore/Hyalellopsis_grisea_GEQH01_underscore_opsins_class.fasta
Hyalellopsis_setosa,70.2,52.6,17.6,15.2,14.6,Trinity,1,Hyalellopsis_setosa_GEQI01_underscore/Hyalellopsis_setosa_GEQI01_underscore_opsins_class.fasta
Hyalellopsis_stebbingi,59.8,41.3,18.5,18.1,22.1,Trinity,0,Hyalellopsis_stebbingi_GEQJ01_underscore/Hyalellopsis_stebbingi_GEQJ01_underscore_opsins_class.fasta
Linevichella_vortex,72.7,50.4,22.3,11.1,16.2,Trinity,2,Linevichella_vortex_GERH01_underscore/Linevichella_vortex_GERH01_underscore_opsins_class.fasta
Macrohectopus_branickii,45.3,36.1,9.2,18.4,36.3,Trinity,0,Macrohectopus_branickii_GEQK01_underscore/Macrohectopus_branickii_GEQK01_underscore_opsins_class.fasta
Macropereiopus_parvus,72.3,54.9,17.4,12.9,14.8,Trinity,1,Macropereiopus_parvus_GEQM01_underscore/Macropereiopus_parvus_GEQM01_underscore_opsins_class.fasta
Macropereiopus_wagneri,31.6,26.8,4.8,18,50.4,Trinity,0,Macropereiopus_wagneri_GEQL01_underscore/Macropereiopus_wagneri_GEQL01_underscore_opsins_class.fasta
Marinogammarus_marinus,85.7,56,29.7,8.8,5.5,Trinity,3,Marinogammarus_marinus_GHCV01_underscore/Marinogammarus_marinus_GHCV01_underscore_opsins_class.fasta
Micruropus_glaber,64.3,51.1,13.2,15.1,20.6,Trinity,2,Micruropus_glaber_GEQN01_underscore/Micruropus_glaber_GEQN01_underscore_opsins_class.fasta
Micruropus_parvulus,49.7,38,11.7,26.6,23.7,Trinity,1,Micruropus_parvulus_GEQO01_underscore/Micruropus_parvulus_GEQO01_underscore_opsins_class.fasta
Micruropus_wahlii,87.6,47.9,39.7,7.2,5.2,Trinity,0,Micruropus_wahlii_GEQP01_underscore/Micruropus_wahlii_GEQP01_underscore_opsins_class.fasta
Odontogammarus_calcaratus,62.5,46.6,15.9,16.6,20.9,Trinity,1,Odontogammarus_calcaratus_GEQQ01_underscore/Odontogammarus_calcaratus_GEQQ01_underscore_opsins_class.fasta
Ommatogammarus_albinus,77.9,57.1,20.8,9.8,12.3,Trinity,0,Ommatogammarus_albinus_GEQR01_underscore/Ommatogammarus_albinus_GEQR01_underscore_opsins_class.fasta
Ommatogammarus_flavus,72,55.4,16.6,11.5,16.5,Trinity,1,Ommatogammarus_flavus_GEQS01_underscore/Ommatogammarus_flavus_GEQS01_underscore_opsins_class.fasta
Oxyacanthus_curtus,54.3,45.7,8.6,21.2,24.5,Trinity,2,Oxyacanthus_curtus_GEPA01_underscore/Oxyacanthus_curtus_GEPA01_underscore_opsins_class.fasta
Oxyacanthus_flavus,72.7,56.3,16.4,11.3,16,Trinity,0,Oxyacanthus_flavus_GEPB01_underscore/Oxyacanthus_flavus_GEPB01_underscore_opsins_class.fasta
Oxyacanthus_sowinskii,59.2,49.4,9.8,18.6,22.2,Trinity,1,Oxyacanthus_sowinskii_GEPC01_underscore/Oxyacanthus_sowinskii_GEPC01_underscore_opsins_class.fasta
Pachyschesis_branchialis,74,57.4,16.6,10.4,15.6,Trinity,1,Pachyschesis_branchialis_GEQT01_underscore/Pachyschesis_branchialis_GEQT01_underscore_opsins_class.fasta
Palicarinus_puzyllii,70.9,54.4,16.5,12.3,16.8,Trinity,1,Palicarinus_puzyllii_GEQW01_underscore/Palicarinus_puzyllii_GEQW01_underscore_opsins_class.fasta
Pallasea_cancelloides,34.9,28.4,6.5,20.8,44.3,Trinity,2,Pallasea_cancelloides_GEQX01_underscore/Pallasea_cancelloides_GEQX01_underscore_opsins_class.fasta
Pallasea_cancellus,64.6,48.9,15.7,14.3,21.1,Trinity,1,Pallasea_cancellus_GERI01_underscore/Pallasea_cancellus_GERI01_underscore_opsins_class.fasta
Pallasea_grubei,60.1,48,12.1,17.6,22.3,Trinity,3,Pallasea_grubei_GERJ01_underscore/Pallasea_grubei_GERJ01_underscore_opsins_class.fasta
Pallasea_sp._gam7.3,67.8,50.8,17,13.1,19.1,Trinity,2,Pallasea_sp._gam7.3_GEQZ01_underscore/Pallasea_sp._gam7.3_GEQZ01_underscore_opsins_class.fasta
Pallaseopsis_kessleri,50.7,42.9,7.8,20.3,29,Trinity,0,Pallaseopsis_kessleri_GEQY01_underscore/Pallaseopsis_kessleri_GEQY01_underscore_opsins_class.fasta
Pandorites_podoceroides,51,43.2,7.8,20.7,28.3,Trinity,0,Pandorites_podoceroides_GERA01_underscore/Pandorites_podoceroides_GERA01_underscore_opsins_class.fasta
Parapallasea_borowskii,58.8,42,16.8,17.6,23.6,Trinity,1,Parapallasea_borowskii_GERK01_underscore/Parapallasea_borowskii_GERK01_underscore_opsins_class.fasta
Parapallasea_wosnessenskii,68.6,53.5,15.1,14.9,16.5,Trinity,1,Parapallasea_wosnessenskii_GERB01_underscore/Parapallasea_wosnessenskii_GERB01_underscore_opsins_class.fasta
Parhyale_hawaiensis,91,81,10,5.1,3.9,Trinity,2,Parhyale_hawaiensis_GFVL01_underscore/Parhyale_hawaiensis_GFVL01_underscore_opsins_class.fasta
Pentagonurus_dawydowi,64.7,48.1,16.6,14.2,21.1,Trinity,0,Pentagonurus_dawydowi_GEQV01_underscore/Pentagonurus_dawydowi_GEQV01_underscore_opsins_class.fasta
Poekilogammarus_pictoides,65.8,50.5,15.3,16.4,17.8,Trinity,2,Poekilogammarus_pictoides_GERL01_underscore/Poekilogammarus_pictoides_GERL01_underscore_opsins_class.fasta
Sluginella_kietlinskii,24.7,22.1,2.6,12.7,62.6,Trinity,0,Sluginella_kietlinskii_GEPP01_underscore/Sluginella_kietlinskii_GEPP01_underscore_opsins_class.fasta
Talitrus_saltator,92.5,62.9,29.6,4.4,3.1,Trinity,5,Talitrus_saltator_GDUJ01_underscore/Talitrus_saltator_GDUJ01_underscore_opsins_class.fasta
Acanthogammarus_godlewskii,41,30.1,10.9,24.4,34.6,Trinity285,2,Acanthogammarus_godlewskii_T285/Acanthogammarus_godlewskii_T285_opsins_class.fasta
Asprogammarus_rhodophthalmus,62,36.1,25.9,22,16,Trinity285,1,Asprogammarus_rhodophthalmus_T285/Asprogammarus_rhodophthalmus_T285_opsins_class.fasta
Baikalogammarus_pullus,66.8,27.5,39.3,14.2,19,Trinity285,0,Baikalogammarus_pullus_T285/Baikalogammarus_pullus_T285_opsins_class.fasta
Boeckaxelia_carpenterii,68.6,47.4,21.2,15.1,16.3,Trinity285,1,Boeckaxelia_carpenterii_T285/Boeckaxelia_carpenterii_T285_opsins_class.fasta
Boeckaxelia_potanini,57.2,47.8,9.4,15.9,26.9,Trinity285,2,Boeckaxelia_potanini_T285/Boeckaxelia_potanini_T285_opsins_class.fasta
Brachyuropus_grewingkii,73,49.1,23.9,14.6,12.4,Trinity285,0,Brachyuropus_grewingkii_T285/Brachyuropus_grewingkii_T285_opsins_class.fasta
Brandtia_latissima,50.9,43.2,7.7,23.1,26,Trinity285,2,Brandtia_latissima_T285/Brandtia_latissima_T285_opsins_class.fasta
Caprella_sp,79.8,46.2,33.6,15.8,4.4,Trinity285,1,Caprella_sp_T2100/Caprella_sp_T2100_opsins_class.fasta
Carinurus_bicarinatus,61.1,39.7,21.4,15.4,23.5,Trinity285,1,Carinurus_bicarinatus_T285/Carinurus_bicarinatus_T285_opsins_class.fasta
Cornugammarus_maximus,60.3,49.4,10.9,18.8,20.9,Trinity285,0,Cornugammarus_maximus_T285/Cornugammarus_maximus_T285_opsins_class.fasta
Crypturopus_inflatus,40.1,29.5,10.6,24.2,35.7,Trinity285,0,Crypturopus_inflatus_T285/Crypturopus_inflatus_T285_opsins_class.fasta
Dorogostaiskia_parasitica,53.2,40.1,13.1,18.2,28.6,Trinity285,2,Dorogostaiskia_parasitica_T285/Dorogostaiskia_parasitica_T285_opsins_class.fasta
Echiuropus_macronychus,64.6,35.5,29.1,12.7,22.7,Trinity285,5,Echiuropus_macronychus_T285/Echiuropus_macronychus_T285_opsins_class.fasta
Eucarinogammarus_wagii,65.4,24.5,40.9,20.8,13.8,Trinity285,0,Eucarinogammarus_wagii_T285/Eucarinogammarus_wagii_T285_opsins_class.fasta
Eulimnogammarus_cruentus,75.1,54,21.1,16.3,8.6,Trinity285,2,Eulimnogammarus_cruentus_2_T285/Eulimnogammarus_cruentus_2_T285_opsins_class.fasta
Eulimnogammarus_cruentus_2,83.4,54.1,29.3,10.6,6,Trinity285,0,Eulimnogammarus_cruentus_T285/Eulimnogammarus_cruentus_T285_opsins_class.fasta
Eulimnogammarus_cyaneus,73,46.1,26.9,12.5,14.5,Trinity285,2,Eulimnogammarus_cyaneus_T285/Eulimnogammarus_cyaneus_T285_opsins_class.fasta
Eulimnogammarus_czerskii,76,53.8,22.2,13.3,10.7,Trinity285,3,Eulimnogammarus_czerskii_T285/Eulimnogammarus_czerskii_T285_opsins_class.fasta
Eulimnogammarus_marituji,70.6,48,22.6,13,16.4,Trinity285,2,Eulimnogammarus_marituji_T285/Eulimnogammarus_marituji_T285_opsins_class.fasta
Eulimnogammarus_messerschmidtii,65.2,38.7,26.5,13.7,21.1,Trinity285,2,Eulimnogammarus_messerschmidtii_T285/Eulimnogammarus_messerschmidtii_T285_opsins_class.fasta
Eulimnogammarus_similis,78.9,52.4,26.5,13.1,8,Trinity285,0,Eulimnogammarus_similis_T285/Eulimnogammarus_similis_T285_opsins_class.fasta
Eulimnogammarus_sp._gam16.4,38.8,31.3,7.5,18,43.2,Trinity285,2,Eulimnogammarus_sp._gam16.4_T285/Eulimnogammarus_sp._gam16.4_T285_opsins_class.fasta
Eulimnogammarus_sp._gam2quest,81.1,50.1,31,11,7.9,Trinity285,0,Eulimnogammarus_sp._gam2quest_T285/Eulimnogammarus_sp._gam2quest_T285_opsins_class.fasta
Eulimnogammarus_testaceus,77.3,47.8,29.5,13.4,9.3,Trinity285,2,Eulimnogammarus_testaceus_T285/Eulimnogammarus_testaceus_T285_opsins_class.fasta
Eulimnogammarus_ussolzewii,69.8,47.8,22,14.3,15.9,Trinity285,1,Eulimnogammarus_ussolzewii_T285/Eulimnogammarus_ussolzewii_T285_opsins_class.fasta
Eulimnogammarus_verrucosus,83.5,49.4,34.1,10.5,6,Trinity285,4,Eulimnogammarus_verrucosus_T285/Eulimnogammarus_verrucosus_T285_opsins_class.fasta
Eulimnogammarus_violaceus,68.4,47.7,20.7,17.4,14.2,Trinity285,0,Eulimnogammarus_violaceus_T285/Eulimnogammarus_violaceus_T285_opsins_class.fasta
Eulimnogammarus_viridulus,77.6,50.8,26.8,14.4,8,Trinity285,2,Eulimnogammarus_viridulus_T285/Eulimnogammarus_viridulus_T285_opsins_class.fasta
Eulimnogammarus_vittatus,67.2,45.6,21.6,13.9,18.9,Trinity285,4,Eulimnogammarus_vittatus_T285/Eulimnogammarus_vittatus_T285_opsins_class.fasta
Gammarus_lacustris,52.2,42.4,9.8,19.3,28.5,Trinity285,2,Gammarus_lacustris_T285/Gammarus_lacustris_T285_opsins_class.fasta
Gammarus_minus,96.2,50.9,45.3,1.5,2.3,Trinity285,2,Gammarus_minus_T2100/Gammarus_minus_T2100_opsins_class.fasta
Gammarus_pisinnus,76.9,39.2,37.7,15.9,7.2,Trinity285,2,Gammarus_pisinnus_trinity285/Gammarus_pisinnus_trinity285_opsins_class.fasta
Garjajewia_dershawini,61.3,47.8,13.5,17,21.7,Trinity285,0,Garjajewia_dershawini_T285/Garjajewia_dershawini_T285_opsins_class.fasta
Gmelinoides_fasciatus,78.1,35.2,42.9,12.7,9.2,Trinity285,2,Gmelinoides_fasciatus_T285/Gmelinoides_fasciatus_T285_opsins_class.fasta
Heterogammarus_sophianosii,83,57.3,25.7,9,8,Trinity285,2,Heterogammarus_sophianosii_T285/Heterogammarus_sophianosii_T285_opsins_class.fasta
Homalogammarus_brandtii,53.1,40.5,12.6,15.6,31.3,Trinity285,2,Homalogammarus_brandtii_T285/Homalogammarus_brandtii_T285_opsins_class.fasta
Hyalella_azteca,72.9,40.4,32.5,19.9,7.2,Trinity285,2,Hyalella_azteca_trinity285/Hyalella_azteca_trinity285_opsins_class.fasta
Hyalellopsis_carinata,73.7,53.8,19.9,13.6,12.7,Trinity285,2,Hyalellopsis_carinata_T285/Hyalellopsis_carinata_T285_opsins_class.fasta
Hyalellopsis_costata,66,48.9,17.1,18.1,15.9,Trinity285,2,Hyalellopsis_costata_T285/Hyalellopsis_costata_T285_opsins_class.fasta
Hyalellopsis_grisea,71.6,51.3,20.3,14.9,13.5,Trinity285,0,Hyalellopsis_grisea_T285/Hyalellopsis_grisea_T285_opsins_class.fasta
Hyalellopsis_setosa,64.4,50.7,13.7,18.8,16.8,Trinity285,1,Hyalellopsis_setosa_T285/Hyalellopsis_setosa_T285_opsins_class.fasta
Hyalellopsis_stebbingi,70.3,43.2,27.1,14.5,15.2,Trinity285,2,Hyalellopsis_stebbingi_T285/Hyalellopsis_stebbingi_T285_opsins_class.fasta
Linevichella_vortex,83.7,32.4,51.3,8.9,7.4,Trinity285,3,Linevichella_vortex_T285/Linevichella_vortex_T285_opsins_class.fasta
Macrohectopus_branickii,53.8,32.6,21.2,18.3,27.9,Trinity285,0,Macrohectopus_branickii_T285/Macrohectopus_branickii_T285_opsins_class.fasta
Macropereiopus_parvus,85.2,53.9,31.3,9.8,5,Trinity285,1,Macropereiopus_parvus_T285/Macropereiopus_parvus_T285_opsins_class.fasta
Macropereiopus_wagneri,37.6,28,9.6,17.1,45.3,Trinity285,0,Macropereiopus_wagneri_T285/Macropereiopus_wagneri_T285_opsins_class.fasta
Micruropus_glaber,74.3,53.2,21.1,14,11.7,Trinity285,3,Micruropus_glaber_T285/Micruropus_glaber_T285_opsins_class.fasta
Micruropus_parvulus,60.2,34.3,25.9,24.8,15,Trinity285,1,Micruropus_parvulus_T285/Micruropus_parvulus_T285_opsins_class.fasta
Micruropus_wahlii,93,30.1,62.9,4.8,2.2,Trinity285,2,Micruropus_wahlii_T285/Micruropus_wahlii_T285_opsins_class.fasta
Odontogammarus_calcaratus,75.3,50,25.3,14.4,10.3,Trinity285,2,Odontogammarus_calcaratus_T285/Odontogammarus_calcaratus_T285_opsins_class.fasta
Ommatogammarus_albinus,87.3,51.9,35.4,7.6,5.1,Trinity285,1,Ommatogammarus_albinus_T285/Ommatogammarus_albinus_T285_opsins_class.fasta
Ommatogammarus_flavus,81.8,54.1,27.7,10.6,7.6,Trinity285,1,Ommatogammarus_flavus_T285/Ommatogammarus_flavus_T285_opsins_class.fasta
Oxyacanthus_curtus,62.1,49.3,12.8,21.3,16.6,Trinity285,2,Oxyacanthus_curtus_T285/Oxyacanthus_curtus_T285_opsins_class.fasta
Oxyacanthus_flavus,83.4,57.4,26,9.1,7.5,Trinity285,0,Oxyacanthus_flavus_T285/Oxyacanthus_flavus_T285_opsins_class.fasta
Oxyacanthus_sowinskii,69.1,50.9,18.2,18.4,12.5,Trinity285,2,Oxyacanthus_sowinskii_T285/Oxyacanthus_sowinskii_T285_opsins_class.fasta
Pachyschesis_branchialis,87.4,63.1,24.3,8.2,4.4,Trinity285,1,Pachyschesis_branchialis_2_T285/Pachyschesis_branchialis_2_T285_opsins_class.fasta
Pachyschesis_branchialis_2,38,30.4,7.6,11.9,50.1,Trinity285,1,Pachyschesis_branchialis_T285/Pachyschesis_branchialis_T285_opsins_class.fasta
Palicarinus_puzyllii,83.3,57.9,25.4,9.7,7,Trinity285,2,Palicarinus_puzyllii_T285/Palicarinus_puzyllii_T285_opsins_class.fasta
Pallasea_cancelloides,47.9,27.3,20.6,19.1,33,Trinity285,2,Pallasea_cancelloides_2_T285/Pallasea_cancelloides_2_T285_opsins_class.fasta
Pallasea_cancelloides_2,64.8,48.7,16.1,13,22.2,Trinity285,3,Pallasea_cancelloides_T285/Pallasea_cancelloides_T285_opsins_class.fasta
Pallasea_cancellus,74.2,47.6,26.6,12.9,12.9,Trinity285,2,Pallasea_cancellus_T285/Pallasea_cancellus_T285_opsins_class.fasta
Pallasea_grubei,72.3,48.8,23.5,15.7,12,Trinity285,3,Pallasea_grubei_T285/Pallasea_grubei_T285_opsins_class.fasta
Pallasea_sp._gam7.3,75,52,23,12.6,12.4,Trinity285,2,Pallasea_sp._gam7.3_T285/Pallasea_sp._gam7.3_T285_opsins_class.fasta
Pallaseopsis_kessleri,57.6,45.3,12.3,19.9,22.5,Trinity285,0,Pallaseopsis_kessleri_T285/Pallaseopsis_kessleri_T285_opsins_class.fasta
Pandorites_podoceroides,58.8,41.5,17.3,21.4,19.8,Trinity285,0,Pandorites_podoceroides_T285/Pandorites_podoceroides_T285_opsins_class.fasta
Parapallasea_borowskii,69.3,42.8,26.5,15.7,15,Trinity285,1,Parapallasea_borowskii_T285/Parapallasea_borowskii_T285_opsins_class.fasta
Parapallasea_wosnessenskii,79.2,53.4,25.8,11.4,9.4,Trinity285,1,Parapallasea_wosnessenskii_T285/Parapallasea_wosnessenskii_T285_opsins_class.fasta
Pentagonurus_dawydowi,75.3,46.1,29.2,12.9,11.8,Trinity285,0,Pentagonurus_dawydowi_T285/Pentagonurus_dawydowi_T285_opsins_class.fasta
Poekilogammarus_pictoides,75.7,45.4,30.3,14.1,10.2,Trinity285,2,Poekilogammarus_pictoides_T285/Poekilogammarus_pictoides_T285_opsins_class.fasta
Sluginella_kietlinskii,28.9,24.6,4.3,13,58.1,Trinity285,0,Sluginella_kietlinskii_T285/Sluginella_kietlinskii_T285_opsins_class.fasta
